{"NInputs":6,"NHiddens":8,"NOutputs":2,"Regression":false,"InputActivations":[28,31,26,20,48,1],"HiddenActivations":[4.6842323933653536e-32,5.525348177520756e-10,1,5.639285859860157e-23,0.0000011429723895869938,1.781790328407845e-17,1.0562849602660322e-71,1],"OutputActivations":[0.04704240833673657,0.9531945530036533],"Contexts":null,"InputWeights":[[0.20932057595923914,0.7363610602197843,0.32912010643698086,-0.12457162602691188,-0.15021273170334307,0.37364614573424637,-1.8585555344756537,-0.6869614905344175],[-0.8060609621710308,-0.5583802565503329,0.03042525700413079,0.6272799214921747,-0.5708543431552664,-0.23868562140059324,-1.5730582771360346,-0.062220310195153616],[-0.43393169763910966,-0.5480363426569332,0.3581693518404325,-0.5628938951630573,-0.5931552724668694,-0.27825716628616337,-0.7161661488124635,0.7249828748957727],[-0.4137715108922839,-0.47308397907024363,0.5051460711032238,-0.5868346761726029,0.7317264309717013,0.3934383314932798,0.27531020494033104,-0.94339383334822],[-0.6833434445097447,-0.02065155751718076,0.9504832377211567,-0.8410927538622799,0.19086973646707178,-0.8817586973722111,-1.0202939710463903,-0.39695463798688],[-0.6534675236345895,0.0770728528022748,0.08831114600177004,-0.44298475638521195,-0.15367494677019147,0.06117143070141122,-0.5361956678794588,-0.43583801007015066]],"OutputWeights":[[0.5772098300386899,-0.2763890390393662],[0.48044439026485486,0.019055237374089474],[-1.4109572771056655,0.8741363821819181],[0.9538337371625003,-0.8514180020910731],[6.145713291678271,-6.156186342979117],[-0.5169698229056982,-0.3769551113789471],[0.973342376842507,-0.10673409186834767],[-1.5975706504612506,2.139690099973301]],"InputChanges":[[6.084962520008764e-44,2.1934072101854576e-18,-0,2.725952137228207e-42,1.6419116138524326e-13,-1.4587816306105656e-20,4.696877733725872e-67,-0],[6.349526107835233e-44,2.2887727410630864e-18,-0,2.844471795368564e-42,1.7132990753242776e-13,-1.5222069188979816e-20,4.901089809105258e-67,-0],[5.026708168702892e-44,1.8119450866749433e-18,-0,2.2518735046667798e-42,1.356361767965053e-13,-1.2050804774609021e-20,3.880029432208329e-67,-0],[1.587381526958808e-43,5.721931852657716e-18,-0,7.11117948842141e-42,4.2832476883106937e-13,-3.805517297244954e-20,1.2252724522763146e-66,-0],[1.851945114785276e-43,6.675587161434002e-18,-0,8.296376069824977e-42,4.997122303029142e-13,-4.4397701801191134e-20,1.4294845276557002e-66,-0],[2.64563587826468e-45,9.53655308776286e-20,-0,1.1851965814035683e-43,7.13874614718449e-15,-6.34252882874159e-22,2.0421207537938575e-68,-0]],"OutputChanges":[[3.1092024012296904e-45,-3.0788981055569255e-45],[2.0660901517087788e-19,-2.0459527020467024e-19],[0.0016742808301795406,-0.0016579622073401475],[6.595589332723078e-44,-6.531304457220627e-44],[0.0016742808301789573,-0.0016579622073395698],[4.414074452003173e-21,-4.371052030155629e-21],[1.892541521708543e-68,-1.8740955891362035e-68],[0.0016742808301795406,-0.0016579622073401475]]}